x_value,total_1,total_2
0,1000,1000
1,1007,1000
2,1011,995
3,1010,998
4,1013,1001
5,1012,999
6,1011,1003
7,1012,1000
8,1008,997
9,1005,1002
10,1013,1001
11,1020,1000
12,1017,1006
13,1011,1010
14,1005,1009
15,1009,1008
16,1011,1013
17,1009,1012
18,1016,1016
19,1015,1012
20,1016,1008
21,1022,1004
22,1017,1000
23,1019,1006
24,1018,1001
25,1014,1001
26,1015,1006
27,1011,1012
28,1006,1018
29,1011,1021
30,1007,1016
31,1003,1016
32,1010,1021
33,1004,1022
34,1002,1020
35,1008,1022
36,1015,1027
37,1011,1027
38,1017,1025
39,1015,1020
40,1011,1017
41,1018,1022
42,1017,1018
43,1013,1014
44,1012,1020
45,1013,1026
46,1011,1031
47,1011,1034
48,1006,1036
49,1003,1032
50,999,1030
51,1007,1025
52,1001,1029
53,1005,1031
54,1000,1035
55,999,1034
56,1001,1034
57,1004,1040
58,999,1044
59,994,1049
60,1000,1049
61,999,1049
62,1006,1050
63,1004,1054
64,1003,1053
65,1002,1050
66,1001,1053
67,997,1054
68,1003,1058
69,1004,1059
70,1012,1064
71,1012,1059
72,1017,1062
73,1014,1068
74,1014,1065
75,1019,1063
76,1025,1062
77,1030,1057
78,1038,1058
79,1042,1056
80,1041,1058
81,1039,1063
82,1042,1061
83,1046,1061
84,1045,1061
85,1053,1059
86,1050,1058
87,1057,1056
88,1062,1060
89,1070,1058
90,1077,1054
91,1072,1060
92,1075,1065
93,1072,1070
94,1078,1070
95,1078,1068
96,1073,1065
97,1078,1068
98,1085,1066
99,1082,1061
100,1088,1060
101,1089,1061
102,1089,1056
103,1088,1059
104,1092,1057
105,1086,1062
106,1090,1060
107,1098,1061
108,1099,1063
109,1099,1066
110,1100,1064
111,1099,1064
112,1106,1069
113,1114,1069
114,1118,1074
115,1126,1071
116,1129,1066
117,1125,1069
118,1130,1069
119,1135,1067
120,1130,1070
